{"cameraMode":{"drawMode":0,"name":"Shaded","section":"Shading Mode"},"sceneLighting":false,"audioPlay":false,"sceneViewState":{"m_AlwaysRefresh":false,"showFog":true,"showSkybox":false,"showFlares":true,"showImageEffects":true,"showParticleSystems":true,"showVisualEffectGraphs":true,"m_FxEnabled":true},"in2DMode":false,"pivot":{"x":-10.240005493164063,"y":1.6034891605377198,"z":-0.04579177498817444},"rotation":{"x":0.2391132116317749,"y":-0.01951921172440052,"z":0.004806529264897108,"w":0.9707898497581482},"size":0.8471531271934509,"orthographic":true}