{"cameraMode":{"drawMode":0,"name":"Shaded","section":"Shading Mode"},"sceneLighting":false,"audioPlay":false,"sceneViewState":{"m_AlwaysRefresh":false,"showFog":true,"showSkybox":false,"showFlares":true,"showImageEffects":true,"showParticleSystems":true,"showVisualEffectGraphs":true,"m_FxEnabled":true},"in2DMode":false,"pivot":{"x":-12.387909889221192,"y":0.9990963339805603,"z":-0.0842137336730957},"rotation":{"x":0.2391132116317749,"y":-0.01951921172440052,"z":0.004806529264897108,"w":0.9707898497581482},"size":2.6651296615600588,"orthographic":true}